<elements>
  <namespace ns="">
    <summary><![CDATA[To be added.]]></summary>
    <remarks><![CDATA[To be added.]]></remarks>
  </namespace>
  <namespace ns="Microsoft.Win32.SafeHandles">
    <summary><![CDATA[To be added.]]></summary>
    <remarks><![CDATA[To be added.]]></remarks>
  </namespace>
  <namespace ns="Microsoft.Win32">
    <summary><![CDATA[To be added.]]></summary>
    <remarks><![CDATA[To be added.]]></remarks>
  </namespace>
  <namespace ns="System.Collections.Concurrent">
    <summary><![CDATA[To be added.]]></summary>
    <remarks><![CDATA[To be added.]]></remarks>
  </namespace>
  <namespace ns="System.Collections.Generic">
    <summary><![CDATA[To be added.]]></summary>
    <remarks><![CDATA[To be added.]]></remarks>
  </namespace>
  <namespace ns="System.Collections.ObjectModel">
    <summary><![CDATA[To be added.]]></summary>
    <remarks><![CDATA[To be added.]]></remarks>
  </namespace>
  <namespace ns="System.Collections">
    <summary><![CDATA[
    	The System.Collections namespace contains classes for storing collections of objects, including lists, hastables, queues, and stacks.
    ]]></summary>
    <remarks><![CDATA[
    	<para>The System.Collections namespace contains useful classes for storing collections of objects.</para>
    	<para>All collections implement the <see cref="T:System.Collections.ICollection" /> interface, which
    	provides basic functionality for iterating through the elements of a collection.
    	Collections that support index-based access into their elements and the ability to add and
    	remove elements, such as the <see cref="T:System.Collections.ArrayList" />, implement the <see cref="T:System.Collections.IList" /> interface.
    	Collections that provide a key/value mapping, such as the <see cref="T:System.Collections.Hashtable" />,
    	 implement the <see cref="T:System.Collections.IDictionary" /> interface.</para>
    ]]></remarks>
  </namespace>
  <namespace ns="System.Configuration.Assemblies">
    <summary><![CDATA[
        To be added.
    ]]></summary>
    <remarks><![CDATA[
    ]]></remarks>
  </namespace>
  <namespace ns="System.Deployment.Internal">
    <summary><![CDATA[To be added.]]></summary>
    <remarks><![CDATA[To be added.]]></remarks>
  </namespace>
  <namespace ns="System.Diagnostics.CodeAnalysis">
    <summary><![CDATA[To be added.]]></summary>
    <remarks><![CDATA[To be added.]]></remarks>
  </namespace>
  <namespace ns="System.Diagnostics.Contracts.Internal">
    <summary><![CDATA[This namespace contains classes for handling code contract failures.]]></summary>
    <remarks><![CDATA[]]></remarks>
  </namespace>
  <namespace ns="System.Diagnostics.Contracts">
    <summary><![CDATA[This namespace contains classes for specifying code contracts.]]></summary>
    <remarks><![CDATA[To enforce the code contracts at runtime use the ccrewrite tool. To statically check the code contracts use the cccheck tool.]]></remarks>
  </namespace>
  <namespace ns="System.Diagnostics.SymbolStore">
    <summary><![CDATA[
        To be added.
    ]]></summary>
    <remarks><![CDATA[
    ]]></remarks>
  </namespace>
  <namespace ns="System.Diagnostics">
    <summary><![CDATA[
        This namespace contains classes for interacting with system resources like event logs, processes, and performance counters.
    ]]></summary>
    <remarks><![CDATA[
    ]]></remarks>
  </namespace>
  <namespace ns="System.Globalization">
    <summary><![CDATA[
        To be added.
    ]]></summary>
    <remarks><![CDATA[
    ]]></remarks>
  </namespace>
  <namespace ns="System.IO.IsolatedStorage">
    <summary><![CDATA[
        To be added.
    ]]></summary>
    <remarks><![CDATA[
    ]]></remarks>
  </namespace>
  <namespace ns="System.IO">
    <summary><![CDATA[
    	The System.IO namespace contains classes for reading and writing data from streams and interacting with the filesystem.
    ]]></summary>
    <remarks><![CDATA[
		<para>The System.IO namespace contains classes for reading and writing binary data from streams, reading and writing character data from readers and writers, and interacting with the file system in a platform-independent manner.</para>
		
		<para>The <see cref="T:System.IO.Stream" /> class is the abstract base class of all streams, which provide a common mechanism for reading and writing binary data.  <see cref="T:System.IO.Stream" />s support sequential reading or writing or both, and can also support random access.  <see cref="T:System.IO.Stream" />s can be used synchronously and asynchronously.</para>
	
		<para>There are three standard <see cref="T:System.IO.Stream" /> implementations.  The <see cref="T:System.IO.FileStream" /> class provides stream access to a file on the local file system.  The <see cref="T:System.IO.MemoryStream" /> class provides stream access to a byte array in memory.  The <see cref="T:System.IO.BufferedStream" /> wraps another stream, providing buffered access to the underlying data, which can be used to improve performance.  The <see cref="T:System.IO.BinaryReader" /> and <see cref="T:System.IO.BinaryWriter" /> classes provide convenience functions for reading and writing primitive types to and from steams.</para>
		
		<para><see cref="T:System.IO.TextReader" /> provides a sequential stream of characters or strings, and <see cref="T:System.IO.TextWriter" /> is a target for writing a sequential stream of chacters or strings.  The <see cref="T:System.IO.StreamReader" /> and <see cref="T:System.IO.StreamWriter" /> classes provide character-based access to a <see cref="T:System.IO.Stream" /> using a specified encoding.  The <see cref="T:System.IO.StringReader" /> provides a reader for the character data in a <see cref="T:System.String" />, and the <see cref="T:System.IO.StringWriter" /> provides a writer to <see cref="T:System.Text.StringBuffer" />s.	</para>
		
		<para>The remaining classes provide access to the local file system.  The <see cref="T:System.IO.Directory" /> and <see cref="T:System.IO.File" /> classes contain static methods for manipulating directories and files, respectively.  <see cref="T:System.IO.DirectoryInfo" /> and <see cref="T:System.IO.FileInfo" /> objects actually represent files and folders on the file system (actually paths to files and folders which may or may not exist).  They contain instance methods similar to <see cref="T:System.IO.Directory" /> and <see cref="T:System.IO.File" />.  The <see cref="T:System.IO.Path" /> class contains static methods for manipulating paths on the local file system in a platform-independent manner.</para>
    ]]></remarks>
  </namespace>
  <namespace ns="System.Reflection.Cache">
    <summary><![CDATA[
        To be added.
    ]]></summary>
    <remarks><![CDATA[
    ]]></remarks>
  </namespace>
  <namespace ns="System.Reflection.Emit">
    <summary><![CDATA[
		This namespace contains classes for creating new assemblies and types at run-time by emitting IL instructions.
    ]]></summary>
    <remarks><![CDATA[
    ]]></remarks>
  </namespace>
  <namespace ns="System.Reflection">
    <summary><![CDATA[
        Reflection is the ability for a program at run-time to get information about loaded type and assemblies.  It can be used to access and invoke members and fields by their name, for instance.
    ]]></summary>
    <remarks><![CDATA[
    ]]></remarks>
  </namespace>
  <namespace ns="System.Resources">
    <summary><![CDATA[
        To be added.
    ]]></summary>
    <remarks><![CDATA[
    ]]></remarks>
  </namespace>
  <namespace ns="System.Runtime.CompilerServices">
    <summary><![CDATA[
        To be added.
    ]]></summary>
    <remarks><![CDATA[
    ]]></remarks>
  </namespace>
  <namespace ns="System.Runtime.ConstrainedExecution">
    <summary><![CDATA[To be added.]]></summary>
    <remarks><![CDATA[To be added.]]></remarks>
  </namespace>
  <namespace ns="System.Runtime.Hosting">
    <summary><![CDATA[To be added.]]></summary>
    <remarks><![CDATA[To be added.]]></remarks>
  </namespace>
  <namespace ns="System.Runtime.InteropServices.ComTypes">
    <summary><![CDATA[To be added.]]></summary>
    <remarks><![CDATA[To be added.]]></remarks>
  </namespace>
  <namespace ns="System.Runtime.InteropServices.Expando">
    <summary><![CDATA[
        To be added.
    ]]></summary>
    <remarks><![CDATA[
    ]]></remarks>
  </namespace>
  <namespace ns="System.Runtime.InteropServices.TCEAdapterGen">
    <summary><![CDATA[
        To be added.
    ]]></summary>
    <remarks><![CDATA[
    ]]></remarks>
  </namespace>
  <namespace ns="System.Runtime.InteropServices">
    <summary><![CDATA[
        To be added.
    ]]></summary>
    <remarks><![CDATA[
    ]]></remarks>
  </namespace>
  <namespace ns="System.Runtime.Remoting.Activation">
    <summary><![CDATA[
        To be added.
    ]]></summary>
    <remarks><![CDATA[
    ]]></remarks>
  </namespace>
  <namespace ns="System.Runtime.Remoting.Channels">
    <summary><![CDATA[
        To be added.
    ]]></summary>
    <remarks><![CDATA[
    ]]></remarks>
  </namespace>
  <namespace ns="System.Runtime.Remoting.Contexts">
    <summary><![CDATA[
        To be added.
    ]]></summary>
    <remarks><![CDATA[
    ]]></remarks>
  </namespace>
  <namespace ns="System.Runtime.Remoting.Lifetime">
    <summary><![CDATA[
        To be added.
    ]]></summary>
    <remarks><![CDATA[
    ]]></remarks>
  </namespace>
  <namespace ns="System.Runtime.Remoting.Messaging">
    <summary><![CDATA[
        To be added.
    ]]></summary>
    <remarks><![CDATA[
    ]]></remarks>
  </namespace>
  <namespace ns="System.Runtime.Remoting.Metadata.W3cXsd2001">
    <summary><![CDATA[
        To be added.
    ]]></summary>
    <remarks><![CDATA[
    ]]></remarks>
  </namespace>
  <namespace ns="System.Runtime.Remoting.Metadata">
    <summary><![CDATA[
        To be added.
    ]]></summary>
    <remarks><![CDATA[
    ]]></remarks>
  </namespace>
  <namespace ns="System.Runtime.Remoting.Proxies">
    <summary><![CDATA[
        To be added.
    ]]></summary>
    <remarks><![CDATA[
    ]]></remarks>
  </namespace>
  <namespace ns="System.Runtime.Remoting.Services">
    <summary><![CDATA[
        To be added.
    ]]></summary>
    <remarks><![CDATA[
    ]]></remarks>
  </namespace>
  <namespace ns="System.Runtime.Remoting">
    <summary><![CDATA[
        To be added.
    ]]></summary>
    <remarks><![CDATA[
    ]]></remarks>
  </namespace>
  <namespace ns="System.Runtime.Serialization.Formatters.Binary">
    <summary><![CDATA[
        To be added.
    ]]></summary>
    <remarks><![CDATA[
    ]]></remarks>
  </namespace>
  <namespace ns="System.Runtime.Serialization.Formatters">
    <summary><![CDATA[
        To be added.
    ]]></summary>
    <remarks><![CDATA[
    ]]></remarks>
  </namespace>
  <namespace ns="System.Runtime.Serialization">
    <summary><![CDATA[
        To be added.
    ]]></summary>
    <remarks><![CDATA[
    ]]></remarks>
  </namespace>
  <namespace ns="System.Runtime.Versioning">
    <summary><![CDATA[To be added.]]></summary>
    <remarks><![CDATA[To be added.]]></remarks>
  </namespace>
  <namespace ns="System.Runtime">
    <summary><![CDATA[To be added.]]></summary>
    <remarks><![CDATA[To be added.]]></remarks>
  </namespace>
  <namespace ns="System.Security.AccessControl">
    <summary><![CDATA[To be added.]]></summary>
    <remarks><![CDATA[To be added.]]></remarks>
  </namespace>
  <namespace ns="System.Security.Cryptography.X509Certificates">
    <summary><![CDATA[
        To be added.
    ]]></summary>
    <remarks><![CDATA[
    ]]></remarks>
  </namespace>
  <namespace ns="System.Security.Cryptography">
    <summary><![CDATA[
        To be added.
    ]]></summary>
    <remarks><![CDATA[
    ]]></remarks>
  </namespace>
  <namespace ns="System.Security.Permissions">
    <summary><![CDATA[
        To be added.
    ]]></summary>
    <remarks><![CDATA[
    ]]></remarks>
  </namespace>
  <namespace ns="System.Security.Policy">
    <summary><![CDATA[
        To be added.
    ]]></summary>
    <remarks><![CDATA[
    ]]></remarks>
  </namespace>
  <namespace ns="System.Security.Principal">
    <summary><![CDATA[
        To be added.
    ]]></summary>
    <remarks><![CDATA[
    ]]></remarks>
  </namespace>
  <namespace ns="System.Security.Util">
    <summary><![CDATA[
        To be added.
    ]]></summary>
    <remarks><![CDATA[
    ]]></remarks>
  </namespace>
  <namespace ns="System.Security">
    <summary><![CDATA[
        To be added.
    ]]></summary>
    <remarks><![CDATA[
    ]]></remarks>
  </namespace>
  <namespace ns="System.Text">
    <summary><![CDATA[
        The System.Text namespace contains types for converting text between encodings, such as ASCII and UTF-8.  The namespace also contains the StringBuilder class which can be used to create and modify string values more efficiently than by concatenating String objects.
    ]]></summary>
    <remarks><![CDATA[
    ]]></remarks>
  </namespace>
  <namespace ns="System.Threading.Tasks">
    <summary><![CDATA[To be added.]]></summary>
    <remarks><![CDATA[To be added.]]></remarks>
  </namespace>
  <namespace ns="System.Threading">
    <summary><![CDATA[
        This namespace provides the core classes for multi-threaded programming, including the Thread class to launch threads as well as several classes for synchronization and multi-threaded resource management.
    ]]></summary>
    <remarks><![CDATA[
    ]]></remarks>
  </namespace>
  <namespace ns="System">
    <summary><![CDATA[
    	The System namespace contains the fundamental types of the runtime, including the Object, Int32, and String types.
    ]]></summary>
    <remarks><![CDATA[
    	<para>The System namespace contains the fundamental types of the runtime.  </para>
    ]]></remarks>
  </namespace>
  <namespace ns="System.Resources">
    <summary><![CDATA[To be added.]]></summary>
    <remarks><![CDATA[To be added.]]></remarks>
  </namespace>
  <namespace ns="System.Windows.Forms.ComponentModel.Com2Interop">
    <summary><![CDATA[To be added.]]></summary>
    <remarks><![CDATA[To be added.]]></remarks>
  </namespace>
  <namespace ns="System.Windows.Forms.Design">
    <summary><![CDATA[To be added.]]></summary>
    <remarks><![CDATA[To be added.]]></remarks>
  </namespace>
  <namespace ns="System.Windows.Forms.Layout">
    <summary><![CDATA[To be added.]]></summary>
    <remarks><![CDATA[To be added.]]></remarks>
  </namespace>
  <namespace ns="System.Windows.Forms.PropertyGridInternal">
    <summary><![CDATA[To be added.]]></summary>
    <remarks><![CDATA[To be added.]]></remarks>
  </namespace>
  <namespace ns="System.Windows.Forms.VisualStyles">
    <summary><![CDATA[To be added.]]></summary>
    <remarks><![CDATA[To be added.]]></remarks>
  </namespace>
  <namespace ns="System.Windows.Forms.X11Internal">
    <summary><![CDATA[To be added.]]></summary>
    <remarks><![CDATA[To be added.]]></remarks>
  </namespace>
  <namespace ns="System.Windows.Forms">
    <summary><![CDATA[To be added.]]></summary>
    <remarks><![CDATA[To be added.]]></remarks>
  </namespace>
  <namespace ns="Microsoft.Build.BuildEngine">
    <summary><![CDATA[To be added.]]></summary>
    <remarks><![CDATA[To be added.]]></remarks>
  </namespace>
  <namespace ns="Microsoft.Build.Framework">
    <summary><![CDATA[To be added.]]></summary>
    <remarks><![CDATA[To be added.]]></remarks>
  </namespace>
  <namespace ns="Microsoft.Build.Utilities">
    <summary><![CDATA[To be added.]]></summary>
    <remarks><![CDATA[To be added.]]></remarks>
  </namespace>
  <namespace ns="System.Configuration.Install">
    <summary><![CDATA[To be added.]]></summary>
    <remarks><![CDATA[To be added.]]></remarks>
  </namespace>
  <namespace ns="System.Diagnostics">
    <summary><![CDATA[To be added.]]></summary>
    <remarks><![CDATA[To be added.]]></remarks>
  </namespace>
  <namespace ns="System.Collections.Generic">
    <summary><![CDATA[To be added.]]></summary>
    <remarks><![CDATA[To be added.]]></remarks>
  </namespace>
  <namespace ns="System.Linq.Expressions">
    <summary><![CDATA[To be added.]]></summary>
    <remarks><![CDATA[To be added.]]></remarks>
  </namespace>
  <namespace ns="System.Linq">
    <summary><![CDATA[To be added.]]></summary>
    <remarks><![CDATA[To be added.]]></remarks>
  </namespace>
  <namespace ns="System.Runtime.CompilerServices">
    <summary><![CDATA[To be added.]]></summary>
    <remarks><![CDATA[To be added.]]></remarks>
  </namespace>
  <namespace ns="System">
    <summary><![CDATA[To be added.]]></summary>
    <remarks><![CDATA[To be added.]]></remarks>
  </namespace>
  <namespace ns="Microsoft.SqlServer.Server">
    <summary><![CDATA[To be added.]]></summary>
    <remarks><![CDATA[To be added.]]></remarks>
  </namespace>
  <namespace ns="System.Data.Common">
    <summary><![CDATA[To be added.]]></summary>
    <remarks><![CDATA[To be added.]]></remarks>
  </namespace>
  <namespace ns="System.Data.Odbc">
    <summary><![CDATA[To be added.]]></summary>
    <remarks><![CDATA[To be added.]]></remarks>
  </namespace>
  <namespace ns="System.Data.OleDb">
    <summary><![CDATA[To be added.]]></summary>
    <remarks><![CDATA[To be added.]]></remarks>
  </namespace>
  <namespace ns="System.Data.Sql">
    <summary><![CDATA[To be added.]]></summary>
    <remarks><![CDATA[To be added.]]></remarks>
  </namespace>
  <namespace ns="System.Data.SqlClient">
    <summary><![CDATA[To be added.]]></summary>
    <remarks><![CDATA[To be added.]]></remarks>
  </namespace>
  <namespace ns="System.Data.SqlTypes">
    <summary><![CDATA[To be added.]]></summary>
    <remarks><![CDATA[To be added.]]></remarks>
  </namespace>
  <namespace ns="System.Data">
    <summary><![CDATA[To be added.]]></summary>
    <remarks><![CDATA[To be added.]]></remarks>
  </namespace>
  <namespace ns="System.Xml">
    <summary><![CDATA[To be added.]]></summary>
    <remarks><![CDATA[To be added.]]></remarks>
  </namespace>
  <namespace ns="System.ComponentModel.Design.Data">
    <summary><![CDATA[To be added.]]></summary>
    <remarks><![CDATA[To be added.]]></remarks>
  </namespace>
  <namespace ns="System.ComponentModel.Design.Serialization">
    <summary><![CDATA[To be added.]]></summary>
    <remarks><![CDATA[To be added.]]></remarks>
  </namespace>
  <namespace ns="System.ComponentModel.Design">
    <summary><![CDATA[To be added.]]></summary>
    <remarks><![CDATA[To be added.]]></remarks>
  </namespace>
  <namespace ns="System.Data.Design">
    <summary><![CDATA[To be added.]]></summary>
    <remarks><![CDATA[To be added.]]></remarks>
  </namespace>
  <namespace ns="System.Diagnostics.Design">
    <summary><![CDATA[To be added.]]></summary>
    <remarks><![CDATA[To be added.]]></remarks>
  </namespace>
  <namespace ns="System.Messaging.Design">
    <summary><![CDATA[To be added.]]></summary>
    <remarks><![CDATA[To be added.]]></remarks>
  </namespace>
  <namespace ns="System.Resources.Tools">
    <summary><![CDATA[To be added.]]></summary>
    <remarks><![CDATA[To be added.]]></remarks>
  </namespace>
  <namespace ns="System.ServiceProcess.Design">
    <summary><![CDATA[To be added.]]></summary>
    <remarks><![CDATA[To be added.]]></remarks>
  </namespace>
  <namespace ns="System.Web.UI.Design.WebControls">
    <summary><![CDATA[To be added.]]></summary>
    <remarks><![CDATA[To be added.]]></remarks>
  </namespace>
  <namespace ns="System.Web.UI.Design">
    <summary><![CDATA[To be added.]]></summary>
    <remarks><![CDATA[To be added.]]></remarks>
  </namespace>
  <namespace ns="System.Windows.Forms.Design.Behavior">
    <summary><![CDATA[To be added.]]></summary>
    <remarks><![CDATA[To be added.]]></remarks>
  </namespace>
  <namespace ns="System.Windows.Forms.Design">
    <summary><![CDATA[To be added.]]></summary>
    <remarks><![CDATA[To be added.]]></remarks>
  </namespace>
  <namespace ns="System.Drawing.Design">
    <summary><![CDATA[To be added.]]></summary>
    <remarks><![CDATA[To be added.]]></remarks>
  </namespace>
  <namespace ns="System.Drawing.Drawing2D">
    <summary><![CDATA[To be added.]]></summary>
    <remarks><![CDATA[To be added.]]></remarks>
  </namespace>
  <namespace ns="System.Drawing.Imaging">
    <summary><![CDATA[To be added.]]></summary>
    <remarks><![CDATA[To be added.]]></remarks>
  </namespace>
  <namespace ns="System.Drawing.Printing">
    <summary><![CDATA[To be added.]]></summary>
    <remarks><![CDATA[To be added.]]></remarks>
  </namespace>
  <namespace ns="System.Drawing.Text">
    <summary><![CDATA[To be added.]]></summary>
    <remarks><![CDATA[To be added.]]></remarks>
  </namespace>
  <namespace ns="System.Drawing">
    <summary><![CDATA[To be added.]]></summary>
    <remarks><![CDATA[To be added.]]></remarks>
  </namespace>
  <namespace ns="System.Runtime.Remoting.Channels.Http">
    <summary><![CDATA[To be added.]]></summary>
    <remarks><![CDATA[To be added.]]></remarks>
  </namespace>
  <namespace ns="System.Runtime.Remoting.Channels.Ipc">
    <summary><![CDATA[To be added.]]></summary>
    <remarks><![CDATA[To be added.]]></remarks>
  </namespace>
  <namespace ns="System.Runtime.Remoting.Channels.Tcp">
    <summary><![CDATA[To be added.]]></summary>
    <remarks><![CDATA[To be added.]]></remarks>
  </namespace>
  <namespace ns="System.Runtime.Remoting.Channels">
    <summary><![CDATA[To be added.]]></summary>
    <remarks><![CDATA[To be added.]]></remarks>
  </namespace>
  <namespace ns="System.Runtime.Remoting.MetadataServices">
    <summary><![CDATA[To be added.]]></summary>
    <remarks><![CDATA[To be added.]]></remarks>
  </namespace>
  <namespace ns="System.Runtime.Remoting.Services">
    <summary><![CDATA[To be added.]]></summary>
    <remarks><![CDATA[To be added.]]></remarks>
  </namespace>
  <namespace ns="System.Runtime.Serialization.Formatters.Soap">
    <summary><![CDATA[To be added.]]></summary>
    <remarks><![CDATA[To be added.]]></remarks>
  </namespace>
  <namespace ns="System.Security.Cryptography.Pkcs">
    <summary><![CDATA[To be added.]]></summary>
    <remarks><![CDATA[To be added.]]></remarks>
  </namespace>
  <namespace ns="System.Security.Cryptography.X509Certificates">
    <summary><![CDATA[To be added.]]></summary>
    <remarks><![CDATA[To be added.]]></remarks>
  </namespace>
  <namespace ns="System.Security.Cryptography.Xml">
    <summary><![CDATA[To be added.]]></summary>
    <remarks><![CDATA[To be added.]]></remarks>
  </namespace>
  <namespace ns="System.Security.Cryptography">
    <summary><![CDATA[To be added.]]></summary>
    <remarks><![CDATA[To be added.]]></remarks>
  </namespace>
  <namespace ns="System.Security.Permissions">
    <summary><![CDATA[To be added.]]></summary>
    <remarks><![CDATA[To be added.]]></remarks>
  </namespace>
  <namespace ns="System.Web.Services.Configuration">
    <summary><![CDATA[
    ]]></summary>
    <remarks><![CDATA[
      <para>
      </para>
    ]]></remarks>
  </namespace>
  <namespace ns="System.Web.Services.Description">
    <summary><![CDATA[
    ]]></summary>
    <remarks><![CDATA[
      <para>
      </para>
    ]]></remarks>
  </namespace>
  <namespace ns="System.Web.Services.Discovery">
    <summary><![CDATA[
    ]]></summary>
    <remarks><![CDATA[
      <para>
      </para>
    ]]></remarks>
  </namespace>
  <namespace ns="System.Web.Services.Protocols">
    <summary><![CDATA[
    ]]></summary>
    <remarks><![CDATA[
      <para>
      </para>
    ]]></remarks>
  </namespace>
  <namespace ns="System.Web.Services">
    <summary><![CDATA[
    ]]></summary>
    <remarks><![CDATA[
      <para>
      </para>
    ]]></remarks>
  </namespace>
  <namespace ns="System.Web.Caching">
    <summary><![CDATA[
    ]]></summary>
    <remarks><![CDATA[
      <para>
      </para>
    ]]></remarks>
  </namespace>
  <namespace ns="System.Web.Compilation">
    <summary><![CDATA[To be added.]]></summary>
    <remarks><![CDATA[To be added.]]></remarks>
  </namespace>
  <namespace ns="System.Web.Configuration.Internal">
    <summary><![CDATA[To be added.]]></summary>
    <remarks><![CDATA[To be added.]]></remarks>
  </namespace>
  <namespace ns="System.Web.Configuration">
    <summary><![CDATA[
    ]]></summary>
    <remarks><![CDATA[
      <para>
      </para>
    ]]></remarks>
  </namespace>
  <namespace ns="System.Web.Handlers">
    <summary><![CDATA[
    ]]></summary>
    <remarks><![CDATA[
      <para>
      </para>
    ]]></remarks>
  </namespace>
  <namespace ns="System.Web.Hosting">
    <summary><![CDATA[
    ]]></summary>
    <remarks><![CDATA[
      <para>
      </para>
    ]]></remarks>
  </namespace>
  <namespace ns="System.Web.Mail">
    <summary><![CDATA[
    ]]></summary>
    <remarks><![CDATA[
      <para>
      </para>
    ]]></remarks>
  </namespace>
  <namespace ns="System.Web.Management">
    <summary><![CDATA[To be added.]]></summary>
    <remarks><![CDATA[To be added.]]></remarks>
  </namespace>
  <namespace ns="System.Web.Profile">
    <summary><![CDATA[To be added.]]></summary>
    <remarks><![CDATA[To be added.]]></remarks>
  </namespace>
  <namespace ns="System.Web.Security">
    <summary><![CDATA[
    ]]></summary>
    <remarks><![CDATA[
      <para>
      </para>
    ]]></remarks>
  </namespace>
  <namespace ns="System.Web.SessionState">
    <summary><![CDATA[
    ]]></summary>
    <remarks><![CDATA[
      <para>
      </para>
    ]]></remarks>
  </namespace>
  <namespace ns="System.Web.UI.Adapters">
    <summary><![CDATA[To be added.]]></summary>
    <remarks><![CDATA[To be added.]]></remarks>
  </namespace>
  <namespace ns="System.Web.UI.HtmlControls">
    <summary><![CDATA[
    ]]></summary>
    <remarks><![CDATA[
      <para>
      </para>
    ]]></remarks>
  </namespace>
  <namespace ns="System.Web.UI.WebControls.Adapters">
    <summary><![CDATA[To be added.]]></summary>
    <remarks><![CDATA[To be added.]]></remarks>
  </namespace>
  <namespace ns="System.Web.UI.WebControls.WebParts">
    <summary><![CDATA[To be added.]]></summary>
    <remarks><![CDATA[To be added.]]></remarks>
  </namespace>
  <namespace ns="System.Web.UI.WebControls">
    <summary><![CDATA[
    ]]></summary>
    <remarks><![CDATA[
      <para>
      </para>
    ]]></remarks>
  </namespace>
  <namespace ns="">
    <summary><![CDATA[
    ]]></summary>
    <remarks><![CDATA[
      <para>
      </para>
    ]]></remarks>
  </namespace>
  <namespace ns="System.Web.Util">
    <summary><![CDATA[
    ]]></summary>
    <remarks><![CDATA[
      <para>
      </para>
    ]]></remarks>
  </namespace>
  <namespace ns="System.Web">
    <summary><![CDATA[
		]]></summary>
    <remarks><![CDATA[
		]]></remarks>
  </namespace>
  <namespace ns="System.Xml.Schema">
    <summary><![CDATA[
    ]]></summary>
    <remarks><![CDATA[
      <para>
      </para>
    ]]></remarks>
  </namespace>
  <namespace ns="System.Xml.Serialization.Advanced">
    <summary><![CDATA[To be added.]]></summary>
    <remarks><![CDATA[To be added.]]></remarks>
  </namespace>
  <namespace ns="System.Xml.Serialization.Configuration">
    <summary><![CDATA[To be added.]]></summary>
    <remarks><![CDATA[To be added.]]></remarks>
  </namespace>
  <namespace ns="System.Xml.Serialization">
    <summary><![CDATA[
    ]]></summary>
    <remarks><![CDATA[
      <para>
      </para>
    ]]></remarks>
  </namespace>
  <namespace ns="System.Xml.XPath">
    <summary><![CDATA[
		This namespace contains classes for high-performance tree navigation and evaluation of XPath expressions on Xml documents.
    ]]></summary>
    <remarks><![CDATA[]]></remarks>
  </namespace>
  <namespace ns="System.Xml.Xsl">
    <summary><![CDATA[
		This namespace contains an implementation of Xml Stylesheet Transformations (XSLT).
    ]]></summary>
    <remarks><![CDATA[]]></remarks>
  </namespace>
  <namespace ns="System.Xml">
    <summary><![CDATA[
    	The System.Xml namespace contains classes for reading, writing, and manipulating Xml documents.
    ]]></summary>
    <remarks><![CDATA[]]></remarks>
  </namespace>
  <namespace ns="Microsoft.CSharp">
    <summary><![CDATA[To be added.]]></summary>
    <remarks><![CDATA[To be added.]]></remarks>
  </namespace>
  <namespace ns="Microsoft.VisualBasic">
    <summary><![CDATA[To be added.]]></summary>
    <remarks><![CDATA[To be added.]]></remarks>
  </namespace>
  <namespace ns="Microsoft.Win32">
    <summary><![CDATA[To be added.]]></summary>
    <remarks><![CDATA[To be added.]]></remarks>
  </namespace>
  <namespace ns="System.CodeDom.Compiler">
    <summary><![CDATA[To be added.]]></summary>
    <remarks><![CDATA[To be added.]]></remarks>
  </namespace>
  <namespace ns="System.CodeDom">
    <summary><![CDATA[To be added.]]></summary>
    <remarks><![CDATA[To be added.]]></remarks>
  </namespace>
  <namespace ns="System.Collections.Generic">
    <summary><![CDATA[To be added.]]></summary>
    <remarks><![CDATA[To be added.]]></remarks>
  </namespace>
  <namespace ns="System.Collections.Specialized">
    <summary><![CDATA[To be added.]]></summary>
    <remarks><![CDATA[To be added.]]></remarks>
  </namespace>
  <namespace ns="System.ComponentModel.Design.Serialization">
    <summary><![CDATA[To be added.]]></summary>
    <remarks><![CDATA[To be added.]]></remarks>
  </namespace>
  <namespace ns="System.ComponentModel.Design">
    <summary><![CDATA[To be added.]]></summary>
    <remarks><![CDATA[To be added.]]></remarks>
  </namespace>
  <namespace ns="System.ComponentModel">
    <summary><![CDATA[To be added.]]></summary>
    <remarks><![CDATA[To be added.]]></remarks>
  </namespace>
  <namespace ns="System.Configuration">
    <summary><![CDATA[To be added.]]></summary>
    <remarks><![CDATA[To be added.]]></remarks>
  </namespace>
  <namespace ns="System.Diagnostics">
    <summary><![CDATA[To be added.]]></summary>
    <remarks><![CDATA[To be added.]]></remarks>
  </namespace>
  <namespace ns="System.IO.Compression">
    <summary><![CDATA[To be added.]]></summary>
    <remarks><![CDATA[To be added.]]></remarks>
  </namespace>
  <namespace ns="System.IO.Ports">
    <summary><![CDATA[To be added.]]></summary>
    <remarks><![CDATA[To be added.]]></remarks>
  </namespace>
  <namespace ns="System.IO">
    <summary><![CDATA[To be added.]]></summary>
    <remarks><![CDATA[To be added.]]></remarks>
  </namespace>
  <namespace ns="System.Media">
    <summary><![CDATA[To be added.]]></summary>
    <remarks><![CDATA[To be added.]]></remarks>
  </namespace>
  <namespace ns="System.Net.Cache">
    <summary><![CDATA[To be added.]]></summary>
    <remarks><![CDATA[To be added.]]></remarks>
  </namespace>
  <namespace ns="System.Net.Configuration">
    <summary><![CDATA[To be added.]]></summary>
    <remarks><![CDATA[To be added.]]></remarks>
  </namespace>
  <namespace ns="System.Net.Mail">
    <summary><![CDATA[To be added.]]></summary>
    <remarks><![CDATA[To be added.]]></remarks>
  </namespace>
  <namespace ns="System.Net.Mime">
    <summary><![CDATA[To be added.]]></summary>
    <remarks><![CDATA[To be added.]]></remarks>
  </namespace>
  <namespace ns="System.Net.NetworkInformation">
    <summary><![CDATA[To be added.]]></summary>
    <remarks><![CDATA[To be added.]]></remarks>
  </namespace>
  <namespace ns="System.Net.Security">
    <summary><![CDATA[To be added.]]></summary>
    <remarks><![CDATA[To be added.]]></remarks>
  </namespace>
  <namespace ns="System.Net.Sockets">
    <summary><![CDATA[To be added.]]></summary>
    <remarks><![CDATA[To be added.]]></remarks>
  </namespace>
  <namespace ns="System.Net">
    <summary><![CDATA[To be added.]]></summary>
    <remarks><![CDATA[To be added.]]></remarks>
  </namespace>
  <namespace ns="System.Runtime.InteropServices.ComTypes">
    <summary><![CDATA[To be added.]]></summary>
    <remarks><![CDATA[To be added.]]></remarks>
  </namespace>
  <namespace ns="System.Runtime.InteropServices">
    <summary><![CDATA[To be added.]]></summary>
    <remarks><![CDATA[To be added.]]></remarks>
  </namespace>
  <namespace ns="System.Security.AccessControl">
    <summary><![CDATA[To be added.]]></summary>
    <remarks><![CDATA[To be added.]]></remarks>
  </namespace>
  <namespace ns="System.Security.Authentication">
    <summary><![CDATA[To be added.]]></summary>
    <remarks><![CDATA[To be added.]]></remarks>
  </namespace>
  <namespace ns="System.Security.Cryptography.X509Certificates">
    <summary><![CDATA[To be added.]]></summary>
    <remarks><![CDATA[To be added.]]></remarks>
  </namespace>
  <namespace ns="System.Security.Cryptography">
    <summary><![CDATA[To be added.]]></summary>
    <remarks><![CDATA[To be added.]]></remarks>
  </namespace>
  <namespace ns="System.Security.Permissions">
    <summary><![CDATA[To be added.]]></summary>
    <remarks><![CDATA[To be added.]]></remarks>
  </namespace>
  <namespace ns="System.Text.RegularExpressions">
    <summary><![CDATA[To be added.]]></summary>
    <remarks><![CDATA[To be added.]]></remarks>
  </namespace>
  <namespace ns="System.Threading">
    <summary><![CDATA[To be added.]]></summary>
    <remarks><![CDATA[To be added.]]></remarks>
  </namespace>
  <namespace ns="System.Timers">
    <summary><![CDATA[To be added.]]></summary>
    <remarks><![CDATA[To be added.]]></remarks>
  </namespace>
  <namespace ns="System.Web">
    <summary><![CDATA[To be added.]]></summary>
    <remarks><![CDATA[To be added.]]></remarks>
  </namespace>
  <namespace ns="System">
    <summary><![CDATA[To be added.]]></summary>
    <remarks><![CDATA[To be added.]]></remarks>
  </namespace>
</elements>