<elements>
  <summary />
  <remarks />
  <class name="XmlDataDocument" fullname="System.Xml.XmlDataDocument" assembly="System.Data">
    <summary><![CDATA[To be added]]></summary>
    <remarks><![CDATA[To be added]]></remarks>
  </class>
  <class name="ConformanceLevel" fullname="System.Xml.ConformanceLevel" assembly="System.Xml">
    <summary><![CDATA[To be added.]]></summary>
    <remarks><![CDATA[To be added.]]></remarks>
  </class>
  <class name="EntityHandling" fullname="System.Xml.EntityHandling" assembly="System.Xml">
    <summary><![CDATA[To be added]]></summary>
    <remarks><![CDATA[To be added]]></remarks>
  </class>
  <class name="Formatting" fullname="System.Xml.Formatting" assembly="System.Xml">
    <summary><![CDATA[
      <para> Specifies formatting options for the <see cref="T:System.Xml.XmlTextWriter" /> class.
   </para>
    ]]></summary>
    <remarks><![CDATA[To be added.]]></remarks>
  </class>
  <class name="IHasXmlNode" fullname="System.Xml.IHasXmlNode" assembly="System.Xml">
    <summary><![CDATA[To be added]]></summary>
    <remarks><![CDATA[To be added]]></remarks>
  </class>
  <class name="IXmlLineInfo" fullname="System.Xml.IXmlLineInfo" assembly="System.Xml">
    <summary><![CDATA[To be added]]></summary>
    <remarks><![CDATA[To be added]]></remarks>
  </class>
  <class name="IXmlNamespaceResolver" fullname="System.Xml.IXmlNamespaceResolver" assembly="System.Xml">
    <summary><![CDATA[To be added.]]></summary>
    <remarks><![CDATA[To be added.]]></remarks>
  </class>
  <class name="NameTable" fullname="System.Xml.NameTable" assembly="System.Xml">
    <summary><![CDATA[
      <para>Creates a table that stores unique instances of <see cref="T:System.String" qualify="true" /> objects.</para>
    ]]></summary>
    <remarks><![CDATA[
      <para>Only a single instance of any given string is stored even if the string is
      added multiple times to the table.</para>
      <para>Using this class provides an efficient means for an XML parser to use the
      same <see cref="T:System.String" qualify="true" />
      object for all repeated element and attribute names in an XML document. If the
      same object is used for all repeated names, the efficiency of name
      comparisons is increased by allowing the names to be compared using
      object comparisons rather than string comparisons.</para>
      <block subset="none" type="note">
        <para>This class implements a single-threaded <see cref="T:System.Xml.XmlNameTable" /> .</para>
        <para>This class is used internally by the <see cref="T:System.Xml.XmlNamespaceManager" />,
<see cref="T:System.Xml.XmlParserContext" />, and <see cref="T:System.Xml.XmlTextReader" /> classes to store element and attribute names.</para>
      </block>
    ]]></remarks>
  </class>
  <class name="NewLineHandling" fullname="System.Xml.NewLineHandling" assembly="System.Xml">
    <summary><![CDATA[To be added.]]></summary>
    <remarks><![CDATA[To be added.]]></remarks>
  </class>
  <class name="ReadState" fullname="System.Xml.ReadState" assembly="System.Xml">
    <summary><![CDATA[
      <para>Specifies the read state of an instance of a class derived
      from the <see cref="T:System.Xml.XmlReader" /> class.</para>
    ]]></summary>
    <remarks><![CDATA[
      <para>When a reader is instantiated, the read state is set to
   <see langword="Initial" />. When the <see cref="M:System.Xml.XmlReader.Read" /> method is called, the read state is
      changed to <see langword="Interactive" />. If an error occurs during a read
      operation, the read state is changed to <see langword="Error" />. When the end of the
      XML data is reached, the read state is set to <see langword="EndOfFile" />. When the
   <see cref="M:System.Xml.XmlReader.Close" /> method
      is called, the read state is set to <see langword="Closed" />.</para>
    ]]></remarks>
  </class>
  <class name="ValidationType" fullname="System.Xml.ValidationType" assembly="System.Xml">
    <summary><![CDATA[To be added]]></summary>
    <remarks><![CDATA[To be added]]></remarks>
  </class>
  <class name="WhitespaceHandling" fullname="System.Xml.WhitespaceHandling" assembly="System.Xml">
    <summary><![CDATA[
      <para> Specifies the type of white space returned by instances of 
      the <see cref="T:System.Xml.XmlTextReader" /> class.
      </para>
    ]]></summary>
    <remarks><![CDATA[
      <para>Significant white space is white space between markup in 
      a mixed content model, or white space within an element that has the <c>xml:space="preserve"</c> attribute. Insignificant
      white space is any other white space between markup.</para>
    ]]></remarks>
  </class>
  <class name="WriteState" fullname="System.Xml.WriteState" assembly="System.Xml">
    <summary><![CDATA[
      <para> Specifies the write state of an instance of a class derived from the <see cref="T:System.Xml.XmlWriter" /> class.
   </para>
    ]]></summary>
    <remarks><![CDATA[
      <para>When a writer is instantiated, the write state is set to <see langword="Start" />. While content is written, the write 
   state is set to reflect the type of
   content being written. When the
<see cref="M:System.Xml.XmlWriter.Close" /> method is called, the write state is set to 
<see langword="Closed" />. The <see cref="M:System.Xml.XmlWriter.WriteEndDocument" /> method resets the write state back to 
<see langword="Start" />, allowing 
   the writer to write a new XML document.</para>
    ]]></remarks>
  </class>
  <class name="XmlAttribute" fullname="System.Xml.XmlAttribute" assembly="System.Xml">
    <summary><![CDATA[An Xml node that is an element attribute.]]></summary>
    <remarks><![CDATA[
      <para>Attributes are contained in the <see cref="P:System.Xml.XmlNode.Attributes" /> property of element nodes.  In the Xml below, "attribute" is an attribute of the "example" element.</para>
      <code lang="xml">&lt;example attribute="value"/&gt;</code>
      <example>
        <para>The following example shows how an attribute is programmatically added into an Xml document.</para>
        <code lang="C#">
using System;
using System.Xml;
class MainClass {
       public static void Main(string[] args) {
               Console.WriteLine("Hello World!");
               DomDemo();
       }
       public static void DomDemo() {
               XmlDocument doc=new XmlDocument();
               doc.LoadXml("&lt;root /&gt;");
               XmlAttribute a=doc.CreateAttribute("Foo");
               a.Value="Bar";
               doc.DocumentElement.Attributes.Append(a);

               Console.Out.WriteLine(doc.OuterXml);
       }
}
</code>
      </example>
    ]]></remarks>
  </class>
  <class name="XmlAttributeCollection" fullname="System.Xml.XmlAttributeCollection" assembly="System.Xml">
    <summary><![CDATA[A typed collection of <see cref="T:System.Xml.XmlAttribute" /> objects.]]></summary>
    <remarks><![CDATA[To be added]]></remarks>
  </class>
  <class name="XmlCDataSection" fullname="System.Xml.XmlCDataSection" assembly="System.Xml">
    <summary><![CDATA[A CDATA section of an Xml document.]]></summary>
    <remarks><![CDATA[
      <para>CDATA sections are like text nodes except that they are used to wrap character data containing &lt;'s and &amp;'s.  CDATA sections begin with "&lt;![CDATA[" and end with "]]&gt;".  For example:</para>
      <code lang="XML">&lt;content&gt;
	&lt;![CDATA[
		Any characters except the sequence bracket-bracket-&gt; are OK here.
	]]&gt;
&lt;/content&gt;</code>
    ]]></remarks>
  </class>
  <class name="XmlCharacterData" fullname="System.Xml.XmlCharacterData" assembly="System.Xml">
    <summary><![CDATA[The abstract base class of Xml nodes that contain character data: <see cref="T:System.Xml.XmlCDataSection" />, <see cref="T:System.Xml.XmlComment" />, <see cref="T:System.Xml.XmlSignificantWhitespace" />, <see cref="T:System.Xml.XmlText" />, and <see cref="T:System.Xml.XmlWhitespace" />.]]></summary>
    <remarks><![CDATA[None.]]></remarks>
  </class>
  <class name="XmlComment" fullname="System.Xml.XmlComment" assembly="System.Xml">
    <summary><![CDATA[An Xml comment node.]]></summary>
    <remarks><![CDATA[This node represents a comment in the document surrounded by &lt;!-- and --&gt;.]]></remarks>
  </class>
  <class name="XmlConvert" fullname="System.Xml.XmlConvert" assembly="System.Xml">
    <summary><![CDATA[
      <para>Encodes and decodes XML names and provides methods for converting
      between common language infrastructure (CLI) types and XML Schema Definition
      language (XSD) types. When converting data types, the values returned are locale independent.</para>
    ]]></summary>
    <remarks><![CDATA[
      <para>Element and attribute names or ID values are limited to a 
      range of XML characters according to the Extensible Markup Language (XML) 1.0
      (Second Edition) recommendation, located at
      www.w3.org/TR/2000/REC-xml-20001006.html. When names contain invalid characters, they need to be translated into valid XML
      names.</para>
      <para> Many languages
      and applications allow Unicode characters in their names, which are not valid in XML names.
      For example, if 'Order Detail' were a column heading in a database, the database
      allows the space between the words Order and Detail. However, in XML, the space
      between Order and Detail is considered an invalid XML character. Thus, the
      space, the invalid character, needs to be converted into an escaped hexadecimal
      encoding and can be decoded later.</para>
      <para> 
      The <see cref="M:System.Xml.XmlConvert.EncodeName(System.String)" /> and <see cref="M:System.Xml.XmlConvert.DecodeName(System.String)" /> methods are
      used to translate invalid
      XML names into valid XML names and vice versa.</para>
      <para>
        <see cref="T:System.Xml.XmlConvert" /> 
provides methods that enable the conversion of a <see cref="T:System.String" />
to a
CLI data type and vice-versa. Locale settings
are not taken into account during data conversion.</para>
      <para>
        <see cref="T:System.Xml.XmlConvert" /> also provides 
methods that convert between XML Schema Definition (XSD) data types (see http://www.w3.org/TR/xmlschema-2/#built-in-datatypes) and their
corresponding common language infrastructure (CLI) data
types. The following table shows the XSD
data types and their corresponding CLI data types.</para>
      <list type="table">
        <listheader>
          <term>XSD
         data type</term>
          <description>CLI
         data type</description>
        </listheader>
        <item>
          <term> hexBinary</term>
          <description>A
      <see cref="T:System.Byte" qualify="true" /> array</description>
        </item>
        <item>
          <term> base64Binary</term>
          <description>A
      <see cref="T:System.Byte" qualify="true" />
      array</description>
        </item>
        <item>
          <term> Boolean</term>
          <description>
            <see cref="T:System.Boolean" qualify="true" />
          </description>
        </item>
        <item>
          <term> Byte</term>
          <description>
            <see cref="T:System.SByte" qualify="true" />
          </description>
        </item>
        <item>
          <term> normalizedString</term>
          <description>
            <see cref="T:System.String" qualify="true" />
          </description>
        </item>
        <item>
          <term> Date</term>
          <description>
            <see cref="T:System.DateTime" qualify="true" />
          </description>
        </item>
        <item>
          <term> duration</term>
          <description>
            <see cref="T:System.TimeSpan" qualify="true" />
          </description>
        </item>
        <item>
          <term> dateTime</term>
          <description>
            <see cref="T:System.DateTime" qualify="true" />
          </description>
        </item>
        <item>
          <term> decimal</term>
          <description>
            <see cref="T:System.Decimal" qualify="true" />
          </description>
        </item>
        <item>
          <term> Double</term>
          <description>
            <see cref="T:System.Double" qualify="true" />
          </description>
        </item>
        <item>
          <term> ENTITIES</term>
          <description>A <see cref="T:System.String" qualify="true" /> array</description>
        </item>
        <item>
          <term> ENTITY</term>
          <description>
            <see cref="T:System.String" qualify="true" />
          </description>
        </item>
        <item>
          <term> Float</term>
          <description>
            <see cref="T:System.Single" qualify="true" />
          </description>
        </item>
        <item>
          <term> gMonthDay</term>
          <description>
            <see cref="T:System.DateTime" qualify="true" />
          </description>
        </item>
        <item>
          <term> gDay</term>
          <description>
            <see cref="T:System.DateTime" qualify="true" />
          </description>
        </item>
        <item>
          <term> gYear</term>
          <description>
            <see cref="T:System.DateTime" qualify="true" />
          </description>
        </item>
        <item>
          <term> gYearMonth</term>
          <description>
            <see cref="T:System.DateTime" qualify="true" />
          </description>
        </item>
        <item>
          <term> ID</term>
          <description>
            <see cref="T:System.String" qualify="true" />
          </description>
        </item>
        <item>
          <term> IDREF</term>
          <description>
            <see cref="T:System.String" qualify="true" />
          </description>
        </item>
        <item>
          <term> IDREFS</term>
          <description>A
   <see cref="T:System.String" qualify="true" /> array</description>
        </item>
        <item>
          <term> int</term>
          <description>
            <see cref="T:System.Int32" qualify="true" />
          </description>
        </item>
        <item>
          <term> integer</term>
          <description>
            <see cref="T:System.Decimal" qualify="true" />
          </description>
        </item>
        <item>
          <term> language</term>
          <description>
            <see cref="T:System.String" qualify="true" />
          </description>
        </item>
        <item>
          <term> long</term>
          <description>
            <see cref="T:System.Int64" qualify="true" />
          </description>
        </item>
        <item>
          <term> month</term>
          <description>
            <see cref="T:System.DateTime" qualify="true" />
          </description>
        </item>
        <item>
          <term> Name</term>
          <description>
            <see cref="T:System.String" qualify="true" />
          </description>
        </item>
        <item>
          <term> NCName</term>
          <description>
            <see cref="T:System.String" qualify="true" />
          </description>
        </item>
        <item>
          <term> negativeInteger</term>
          <description>
            <see cref="T:System.Decimal" qualify="true" />
          </description>
        </item>
        <item>
          <term> NMTOKEN</term>
          <description>
            <see cref="T:System.String" qualify="true" />
          </description>
        </item>
        <item>
          <term> NMTOKENS</term>
          <description>A
   <see cref="T:System.String" qualify="true" /> array</description>
        </item>
        <item>
          <term> nonNegativeInteger</term>
          <description>
            <see cref="T:System.Decimal" qualify="true" />
          </description>
        </item>
        <item>
          <term> nonPositiveInteger</term>
          <description>
            <see cref="T:System.Decimal" qualify="true" />
          </description>
        </item>
        <item>
          <term> NOTATION</term>
          <description>
            <see cref="T:System.String" qualify="true" />
          </description>
        </item>
        <item>
          <term> positiveInteger</term>
          <description>
            <see cref="T:System.Decimal" qualify="true" />
          </description>
        </item>
        <item>
          <term> short</term>
          <description>
            <see cref="T:System.Int16" qualify="true" />
          </description>
        </item>
        <item>
          <term> string</term>
          <description>
            <see cref="T:System.String" qualify="true" />
          </description>
        </item>
        <item>
          <term> time</term>
          <description>
            <see cref="T:System.DateTime" qualify="true" />
          </description>
        </item>
        <item>
          <term> timePeriod</term>
          <description>
            <see cref="T:System.DateTime" qualify="true" />
          </description>
        </item>
        <item>
          <term> token</term>
          <description>
            <see cref="T:System.String" qualify="true" />
          </description>
        </item>
        <item>
          <term> unsignedByte</term>
          <description>
            <see cref="T:System.Byte" qualify="true" />
          </description>
        </item>
        <item>
          <term> unsignedInt</term>
          <description>
            <see cref="T:System.UInt32" qualify="true" />
          </description>
        </item>
        <item>
          <term> unsignedLong</term>
          <description>
            <see cref="T:System.UInt64" qualify="true" />
          </description>
        </item>
        <item>
          <term> unsignedShort</term>
          <description>
            <see cref="T:System.UInt16" qualify="true" />
          </description>
        </item>
        <item>
          <term> anyURI</term>
          <description>
            <see cref="T:System.Uri" qualify="true" />
          </description>
        </item>
      </list>
    ]]></remarks>
  </class>
  <class name="XmlDateTimeSerializationMode" fullname="System.Xml.XmlDateTimeSerializationMode" assembly="System.Xml">
    <summary><![CDATA[To be added.]]></summary>
    <remarks><![CDATA[To be added.]]></remarks>
  </class>
  <class name="XmlDeclaration" fullname="System.Xml.XmlDeclaration" assembly="System.Xml">
    <summary><![CDATA[An XML declaration node in the document.]]></summary>
    <remarks><![CDATA[
      <para>This node represents the (optional) XML declaration at the start of a document.  XML declarations look like:</para>
      <code lang="XML">&lt;?xml version="1.0" encoding="UTF-8" ?&gt;</code>
    ]]></remarks>
  </class>
  <class name="XmlDocument" fullname="System.Xml.XmlDocument" assembly="System.Xml">
    <summary><![CDATA[The root node of an XML document.]]></summary>
    <remarks><![CDATA[
      <para>An Xml document is the root node of an Xml tree.  The root node contains optional <see cref="T:System.Xml.XmlDeclaration" />, zero or more <see cref="T:System.Xml.XmlProcessingInstruction" />s, zero or more <see cref="T:System.Xml.XmlWhitespace" />s, zero or more <see cref="T:System.Xml.XmlComment" />s, optional <see cref="T:System.Xml.XmlDocumentType" /> which becomes the <see cref="P:System.Xml.XmlDocument.DocumentType" />, and exactly one <see cref="T:System.Xml.XmlElement" /> which is the <see cref="P:System.Xml.XmlDocument.DocumentElement" />.
      </para>
      <para>
Note that an XmlDocument is not same as the <see cref="P:System.Xml.XmlDocument.DocumentElement" />.  The document element is the top-level element node.  An XmlDocument is not an element; it is the parent of the top-most element.  Whereas all element nodes have parent nodes, XmlDocuments do not have parents.
      </para>
      <para>Note that this class and the entire Document Object Model classes in this namespace is part of ECMA-335 CLI standard. Also note that there are many members which has corresponding interface member in any of W3C Document Object Model specifications.
      </para>
      <para>
	XmlDocument provides a set of node editing event system. <see cref="E:System.Xml.XmlDocument.NodeInserting" />, <see cref="E:System.Xml.XmlDocument.NodeInserted" />, <see cref="E:System.Xml.XmlDocument.NodeChanging" />, <see cref="E:System.Xml.XmlDocument.NodeChanged" />, <see cref="E:System.Xml.XmlDocument.NodeRemoving" /> and <see cref="E:System.Xml.XmlDocument.NodeRemoved" /> are the events and all of them are typed as <see cref="T:System.Xml.XmlNodeChangedEventHandler" />.
	</para>
      <para>
	When a child node is being replaced, or the node being inserted is actually attached to another parent, then first <see cref="E:System.Xml.XmlDocument.NodeRemoving" /> is raised. However, when only the character data of a node is changed, then it just raises <see cref="E:System.Xml.XmlDocument.NodeChanging" /> and no insertion and removal events are raised.
	</para>
      <para>
	For attribute nodes, the event system is more complicated. If an attribute is replacing another one, then first <see cref="E:System.Xml.XmlDocument.NodeRemoving" /> is raised. However, if <see cref="P:System.Xml.XmlAttribute.Value" /> is being set, then the behavior varies depending on how many children are under the attribute node. If there was nothing, then this NodeInserting event is raised. If there was only one <see cref="T:System.Xml.XmlCharacterData" /> child, then <see cref="E:System.Xml.XmlDocument.NodeChanging" /> is raised. In other cases, <see cref="E:System.Xml.XmlDocument.NodeRemoving" /> is raised for each existing child, and then this NodeInserting event is raised. Note that in that single character data child case, the target node of <see cref="E:System.Xml.XmlDocument.NodeChanging" /> and <see cref="E:System.Xml.XmlDocument.NodeChanged" /> events is not the attribute node, but the child character data node of the attribute.
	</para>
    ]]></remarks>
  </class>
  <class name="XmlDocumentFragment" fullname="System.Xml.XmlDocumentFragment" assembly="System.Xml">
    <summary><![CDATA[To be added]]></summary>
    <remarks><![CDATA[To be added]]></remarks>
  </class>
  <class name="XmlDocumentType" fullname="System.Xml.XmlDocumentType" assembly="System.Xml">
    <summary><![CDATA[A document type declaration node.]]></summary>
    <remarks><![CDATA[
      <para>An XML document type declaration node points to a grammar (or "DTD") for a class of documents.  Below is an example XML document containing a DTD node.  The line containing DOCTYPE is the DTD node.</para>
      <code lang="XML">&lt;?xml version="1.0"?&gt;
&lt;!DOCTYPE greeting SYSTEM "hello.dtd"&gt;
&lt;greeting&gt;
	Hello, world!
&lt;/greeting&gt;
</code>
    ]]></remarks>
  </class>
  <class name="XmlElement" fullname="System.Xml.XmlElement" assembly="System.Xml">
    <summary><![CDATA[An element node.]]></summary>
    <remarks><![CDATA[Elements are XML document nodes that contain character data (e.g. text and comments) or element nodes as children and may be marked with attributes.]]></remarks>
  </class>
  <class name="XmlEntity" fullname="System.Xml.XmlEntity" assembly="System.Xml">
    <summary><![CDATA[An entity declaration node.]]></summary>
    <remarks><![CDATA[This class represents an &lt;!ENTITY ... &gt; declaration node within a document type declaration node.  These nodes are children of <see cref="T:System.Xml.XmlDocumentType" /> nodes.]]></remarks>
  </class>
  <class name="XmlEntityReference" fullname="System.Xml.XmlEntityReference" assembly="System.Xml">
    <summary><![CDATA[To be added]]></summary>
    <remarks><![CDATA[To be added]]></remarks>
  </class>
  <class name="XmlException" fullname="System.Xml.XmlException" assembly="System.Xml">
    <summary><![CDATA[
      <para> Represents the error that occurs when 
      an XML document or fragment cannot be parsed.</para>
    ]]></summary>
    <remarks><![CDATA[To be added.]]></remarks>
  </class>
  <class name="XmlImplementation" fullname="System.Xml.XmlImplementation" assembly="System.Xml">
    <summary><![CDATA[To be added]]></summary>
    <remarks><![CDATA[To be added]]></remarks>
  </class>
  <class name="XmlLinkedNode" fullname="System.Xml.XmlLinkedNode" assembly="System.Xml">
    <summary><![CDATA[To be added]]></summary>
    <remarks><![CDATA[To be added]]></remarks>
  </class>
  <class name="XmlNamedNodeMap" fullname="System.Xml.XmlNamedNodeMap" assembly="System.Xml">
    <summary><![CDATA[To be added]]></summary>
    <remarks><![CDATA[To be added]]></remarks>
  </class>
  <class name="XmlNamespaceManager" fullname="System.Xml.XmlNamespaceManager" assembly="System.Xml">
    <summary><![CDATA[
      <para>Resolves, adds, and removes namespaces in a collection and
      provides scope management for these namespaces. This class is used by
      the <see cref="T:System.Xml.XmlReader" />
      and <see cref="T:System.Xml.XmlTextReader" /> classes.</para>
    ]]></summary>
    <remarks><![CDATA[
      <para>This class stores prefixes and namespaces
      as unique <see cref="T:System.String" qualify="true" />
      objects.</para>
      <para>
        <see cref="T:System.Xml.XmlNamespaceManager" /> assumes all prefixes and
   namespaces are
   valid.</para>
      <para> If the prefix
   and namespace already exist within the current scope, they will replace the existing prefix/namespace combination. The
   same prefix and namespace combination can exist across different scopes.</para>
      <para>The following prefix/namespace pairs are added by default
   to the <see cref="T:System.Xml.XmlNamespaceManager" />. They can be determined at any
   scope.</para>
      <list type="table">
        <listheader>
          <term>Prefix</term>
          <description>Namespace </description>
        </listheader>
        <item>
          <term> xmlns</term>
          <description>http://www.w3.org/2000/xmlns/
         (the xmlns prefix namespace)</description>
        </item>
        <item>
          <term> xml</term>
          <description>http://www.w3.org/XML/1998/namespace (The XML namespace)</description>
        </item>
        <item>
          <term>
            <see cref="F:System.String.Empty" qualify="true" />
          </term>
          <description>
            <see cref="F:System.String.Empty" />. The empty namespace can be reassigned a
   different prefix. For example, <c>xmlns=""</c> defines the default namespace to
be the empty namespace.</description>
        </item>
      </list>
    ]]></remarks>
  </class>
  <class name="XmlNamespaceScope" fullname="System.Xml.XmlNamespaceScope" assembly="System.Xml">
    <summary><![CDATA[To be added.]]></summary>
    <remarks><![CDATA[To be added.]]></remarks>
  </class>
  <class name="XmlNameTable" fullname="System.Xml.XmlNameTable" assembly="System.Xml">
    <summary><![CDATA[
      <para> Creates a table that stores unique instances of <see cref="T:System.String" qualify="true" /> objects.</para>
    ]]></summary>
    <remarks><![CDATA[
      <para>Only a single instance of any given string is stored even if the string is 
      added multiple times to the table.</para>
      <para>Using this class provides an efficient means for an XML parser to use the 
      same <see cref="T:System.String" qualify="true" />
      object for all repeated element and attribute names in an XML document. If the
      same object is used for all repeated names, the efficiency of name comparisons
      is increased by allowing the names to be compared using object comparisons
      rather than string comparisons.</para>
      <block subset="none" type="note">
        <para> This class is
      <see langword="abstract" /> and is implemented in the <see cref="T:System.Xml.NameTable" /> class.</para>
      </block>
    ]]></remarks>
  </class>
  <class name="XmlNode" fullname="System.Xml.XmlNode" assembly="System.Xml">
    <summary><![CDATA[A node in an Xml document. Nodes may be of any of the types in the <see cref="T:System.Xml.XmlNodeType" /> enumeration.]]></summary>
    <remarks><![CDATA[To create new nodes, use the Create methods of <see cref="T:System.Xml.XmlDocument" />.]]></remarks>
  </class>
  <class name="XmlNodeChangedAction" fullname="System.Xml.XmlNodeChangedAction" assembly="System.Xml">
    <summary><![CDATA[To be added]]></summary>
    <remarks><![CDATA[To be added]]></remarks>
  </class>
  <class name="XmlNodeChangedEventArgs" fullname="System.Xml.XmlNodeChangedEventArgs" assembly="System.Xml">
    <summary><![CDATA[To be added]]></summary>
    <remarks><![CDATA[To be added]]></remarks>
  </class>
  <class name="XmlNodeChangedEventHandler" fullname="System.Xml.XmlNodeChangedEventHandler" assembly="System.Xml">
    <summary><![CDATA[To be added]]></summary>
    <remarks><![CDATA[To be added]]></remarks>
  </class>
  <class name="XmlNodeList" fullname="System.Xml.XmlNodeList" assembly="System.Xml">
    <summary><![CDATA[To be added]]></summary>
    <remarks><![CDATA[To be added]]></remarks>
  </class>
  <class name="XmlNodeOrder" fullname="System.Xml.XmlNodeOrder" assembly="System.Xml">
    <summary><![CDATA[To be added]]></summary>
    <remarks><![CDATA[To be added]]></remarks>
  </class>
  <class name="XmlNodeReader" fullname="System.Xml.XmlNodeReader" assembly="System.Xml">
    <summary><![CDATA[To be added]]></summary>
    <remarks><![CDATA[To be added]]></remarks>
  </class>
  <class name="XmlNodeType" fullname="System.Xml.XmlNodeType" assembly="System.Xml">
    <summary><![CDATA[
      <para>Specifies the type of node.</para>
    ]]></summary>
    <remarks><![CDATA[
      <para>A given set of XML data is modeled as a tree of nodes. 
      This enumeration specifies the different node types.</para>
    ]]></remarks>
  </class>
  <class name="XmlNotation" fullname="System.Xml.XmlNotation" assembly="System.Xml">
    <summary><![CDATA[To be added]]></summary>
    <remarks><![CDATA[To be added]]></remarks>
  </class>
  <class name="XmlOutputMethod" fullname="System.Xml.XmlOutputMethod" assembly="System.Xml">
    <summary><![CDATA[To be added.]]></summary>
    <remarks><![CDATA[To be added.]]></remarks>
  </class>
  <class name="XmlParserContext" fullname="System.Xml.XmlParserContext" assembly="System.Xml">
    <summary><![CDATA[
      <para> Provides all the context information required by instances of
      the <see cref="T:System.Xml.XmlTextReader" /> class
      to parse an XML fragment.</para>
    ]]></summary>
    <remarks><![CDATA[To be added.]]></remarks>
  </class>
  <class name="XmlProcessingInstruction" fullname="System.Xml.XmlProcessingInstruction" assembly="System.Xml">
    <summary><![CDATA[To be added]]></summary>
    <remarks><![CDATA[To be added]]></remarks>
  </class>
  <class name="XmlQualifiedName" fullname="System.Xml.XmlQualifiedName" assembly="System.Xml">
    <summary><![CDATA[To be added]]></summary>
    <remarks><![CDATA[To be added]]></remarks>
  </class>
  <class name="XmlReader" fullname="System.Xml.XmlReader" assembly="System.Xml">
    <summary><![CDATA[
      <para> Represents a reader that provides non-cached, forward-only access
      to XML data.</para>
    ]]></summary>
    <remarks><![CDATA[
      <para> This class provides forward-only,
      read-only access to a stream of XML data. This class enforces the rules of
      well-formed XML but does not perform data validation.</para>
      <para> This class conforms to the W3C Extensible Markup
      Language (XML) 1.0 and the Namespaces
      in XML recommendations. </para>
      <para> A given set of
      XML data is modeled as a tree of nodes. The different types of
      nodes are specified in the <see cref="T:System.Xml.XmlNodeType" qualify="true" /> enumeration. The reader is advanced to the next node
      using the <see cref="M:System.Xml.XmlReader.Read" /> method.
      The current node refers to the node on which the reader
      is positioned. The following table lists the node properties exposed for the
      current
      node. </para>
      <list type="table">
        <listheader>
          <term>Property</term>
          <description>Description</description>
        </listheader>
        <item>
          <term> AttributeCount</term>
          <description> The
            number of attributes on the
            node.</description>
        </item>
        <item>
          <term> BaseUri</term>
          <description>The
            base URI of
            the node.</description>
        </item>
        <item>
          <term> Depth</term>
          <description>The
            depth of the
            node in the tree.</description>
        </item>
        <item>
          <term> HasAttributes</term>
          <description>Whether the node has attributes.</description>
        </item>
        <item>
          <term> HasValue</term>
          <description>Whether the node can have a text value.</description>
        </item>
        <item>
          <term> IsDefault</term>
          <description>Whether an <see langword="Attribute" /> node was
         generated from the default value defined in the DTD or schema.</description>
        </item>
        <item>
          <term> IsEmptyElement</term>
          <description>Whether an <see langword="Element" /> node is empty.</description>
        </item>
        <item>
          <term> LocalName</term>
          <description>The local name of the node.</description>
        </item>
        <item>
          <term> Name</term>
          <description>The
      qualified name of the node, equal to
   <see langword="Prefix" />:<see langword="LocalName" />.</description>
        </item>
        <item>
          <term> NamespaceUri</term>
          <description>The
      URI defining the namespace associated with the node.</description>
        </item>
        <item>
          <term> NodeType</term>
          <description>The <see cref="T:System.Xml.XmlNodeType" qualify="true" /> of the
   node.</description>
        </item>
        <item>
          <term> Prefix</term>
          <description>A
      shorthand reference to the namespace associated with the node.</description>
        </item>
        <item>
          <term> QuoteChar</term>
          <description>The
      quotation mark character used to enclose the value of an
      attribute.</description>
        </item>
        <item>
          <term> Value</term>
          <description>The
      text value of the node.</description>
        </item>
        <item>
          <term> XmlLang</term>
          <description>The
      <c>xml:lang</c> scope within which the node
      resides.</description>
        </item>
      </list>
      <para> This class does not expand default attributes or general
   entities. Any general entities encountered are returned as a single empty
<see langword="EntityReference" /> node. </para>
      <para>This class checks that a Document Type Definition (DTD) is well-formed, but does not validate using the
   DTD.</para>
      <para>To read strongly typed data, use the <see cref="T:System.Xml.XmlConvert" /> class. </para>
      <para>This class throws a <see cref="T:System.Xml.XmlException" /> on XML parse errors.
After an exception is thrown, the state of the reader is not predictable. For
example, the reported node type might be different than the actual node type of
the current node.</para>
      <block subset="none" type="note">
        <para>This class is <see langword="abstract" /> and implemented in the <see cref="T:System.Xml.XmlTextReader" />
class.</para>
      </block>
    ]]></remarks>
  </class>
  <class name="XmlReaderSettings" fullname="System.Xml.XmlReaderSettings" assembly="System.Xml">
    <summary><![CDATA[To be added.]]></summary>
    <remarks><![CDATA[To be added.]]></remarks>
  </class>
  <class name="XmlResolver" fullname="System.Xml.XmlResolver" assembly="System.Xml">
    <summary><![CDATA[
      <para> Resolves external XML resources named by a
      URI.</para>
    ]]></summary>
    <remarks><![CDATA[
      <para>This class is used to resolve external XML resources such as entities, 
      document type definitions (DTDs), or schemas. It is also used to process include
      and import elements found in Extensible StyleSheet Language (XSL) stylesheets or
      XML Schema Definition language (XSD) schemas.</para>
      <para>This class is <see langword="abstract" /> and implemented in the <see cref="T:System.Xml.XmlUrlResolver" /> 
class.</para>
    ]]></remarks>
  </class>
  <class name="XmlSecureResolver" fullname="System.Xml.XmlSecureResolver" assembly="System.Xml">
    <summary><![CDATA[To be added.]]></summary>
    <remarks><![CDATA[To be added.]]></remarks>
  </class>
  <class name="XmlSignificantWhitespace" fullname="System.Xml.XmlSignificantWhitespace" assembly="System.Xml">
    <summary><![CDATA[To be added]]></summary>
    <remarks><![CDATA[To be added]]></remarks>
  </class>
  <class name="XmlSpace" fullname="System.Xml.XmlSpace" assembly="System.Xml">
    <summary><![CDATA[
      <para>Specifies the white
      space attribute, <c>xml:space</c>, which indicates whether white space should be preserved in an element.</para>
    ]]></summary>
    <remarks><![CDATA[
      <block subset="none" type="note">
        <para>This enumeration is used by instances of the <see cref="T:System.Xml.XmlParserContext" />,
   <see cref="T:System.Xml.XmlTextReader" />, and <see cref="T:System.Xml.XmlTextWriter" /> classes.</para>
      </block>
    ]]></remarks>
  </class>
  <class name="XmlText" fullname="System.Xml.XmlText" assembly="System.Xml">
    <summary><![CDATA[To be added]]></summary>
    <remarks><![CDATA[To be added]]></remarks>
  </class>
  <class name="XmlTextReader" fullname="System.Xml.XmlTextReader" assembly="System.Xml">
    <summary><![CDATA[
      <para> Represents a reader that provides
      fast, non-cached, forward-only
      access to XML data.</para>
    ]]></summary>
    <remarks><![CDATA[
      <para> This class provides forward-only,
      read-only access to a character stream of XML data. This class enforces the rules of
      well-formed XML but does not perform data validation.</para>
      <para> This class implements the <see cref="T:System.Xml.XmlReader" /> class and conforms to the W3C Extensible Markup
   Language (XML) 1.0 and the Namespaces
   in XML recommendations. </para>
      <para> A given set of
   XML data is modeled as a tree of nodes. The different types of
   nodes are specified in the <see cref="T:System.Xml.XmlNodeType" qualify="true" /> enumeration. The current node refers to the node on which
   the reader is positioned. The reader is advanced using any of the "read" or
   "moveto" methods. The following table lists the node properties exposed for the
   current
   node.</para>
      <list type="table">
        <listheader>
          <term>Property</term>
          <description>Description</description>
        </listheader>
        <item>
          <term> AttributeCount</term>
          <description> The
         number of attributes on the
         node.</description>
        </item>
        <item>
          <term> BaseUri</term>
          <description>The
         base URI of
         the node.</description>
        </item>
        <item>
          <term> Depth</term>
          <description>The
         depth of the
         node in the tree.</description>
        </item>
        <item>
          <term> HasAttributes</term>
          <description>Whether the node has attributes. (Inherited from
      <see cref="T:System.Xml.XmlReader" />)</description>
        </item>
        <item>
          <term> HasValue</term>
          <description>Whether the node can have a text value.</description>
        </item>
        <item>
          <term> IsDefault</term>
          <description>Whether an <see langword="Attribute" /> node was
      generated from the default value defined in the DTD or schema.</description>
        </item>
        <item>
          <term> IsEmptyElement</term>
          <description>Whether an <see langword="Element" /> node is empty.</description>
        </item>
        <item>
          <term> LocalName</term>
          <description>The local name of the node.</description>
        </item>
        <item>
          <term> Name</term>
          <description>The
      qualified name of the node, equal to
   <see langword="Prefix" />:<see langword="LocalName" />
   .</description>
        </item>
        <item>
          <term> NamespaceUri</term>
          <description>The
      URI defining the namespace associated with the node.</description>
        </item>
        <item>
          <term> NodeType</term>
          <description>The <see cref="T:System.Xml.XmlNodeType" qualify="true" /> of the
   node.</description>
        </item>
        <item>
          <term> Prefix</term>
          <description>A
      shorthand reference to the namespace associated with the node.</description>
        </item>
        <item>
          <term> QuoteChar</term>
          <description>The
      quotation mark character used to enclose the value of an
      attribute.</description>
        </item>
        <item>
          <term> Value</term>
          <description>The
      text value of the node.</description>
        </item>
        <item>
          <term> XmlLang</term>
          <description>The
      <c>xml:lang</c> scope within which the node
      resides.</description>
        </item>
      </list>
      <para> This class does not expand default attributes or resolve general
   entities. Any general entities encountered are returned as a single empty
<see langword="EntityReference" /> 
node. </para>
      <para>This class checks that a Document Type Definition
   (DTD) is well-formed, but does not validate using the DTD.</para>
      <para>To read strongly typed data, use the <see cref="T:System.Xml.XmlConvert" />
class.</para>
      <para>This class throws a <see cref="T:System.Xml.XmlException" /> on XML parse
errors. After an exception is thrown, the state of the reader is not
predictable. For example, the reported node type can be different than the
actual node type of the current node.</para>
    ]]></remarks>
  </class>
  <class name="XmlTextWriter" fullname="System.Xml.XmlTextWriter" assembly="System.Xml">
    <summary><![CDATA[
      <para> Represents a writer that provides a fast, non-cached, forward-only way
      of generating streams or files containing XML data that conforms to the
      W3C Extensible Markup Language (XML) 1.0 and the Namespaces in XML
      recommendations.
      </para>
    ]]></summary>
    <remarks><![CDATA[
      <para> This class maintains a namespace stack corresponding to 
      all the namespaces defined in the current element stack. Namespaces can be
      declared manually to override the current namespace declaration. Prefixes can be
      specified to associate with a namespace. If there are multiple namespace declarations mapping different prefixes to the
      same namespace URI, this class walks the stack of namespace declarations backwards
      and picks the closest one.</para>
      <para> If namespace conflicts occur inside an element, this
      class resolves the conflict by generating alternate prefixes. The generated
      prefixes are named <c>ni</c>, where <c>n</c> is the literal character 'n' and <c>i</c> is a number beginning at one. The number is reset
   to one for each element. See the example section
   for a demonstration of this behavior.</para>
      <para>Attributes which are associated with a namespace URI
   must have a prefix (default namespaces do not apply to attributes). This
   conforms to section 5.2 of the W3C Namespaces in XML recommendation. If an
   attribute references a namespace URI, but does not specify a prefix, the writer
   generates a prefix for the attribute.</para>
      <para>When writing an empty element, an additional space is
   added between tag name and the closing tag, for example <c>&lt;item /&gt;</c>. This provides compatibility
with older browsers.</para>
      <para>When a <see cref="T:System.String" /> is used as method
parameter, <see langword="null" /> and <see cref="F:System.String.Empty" /> are equivalent.
<see cref="F:System.String.Empty" /> follows
the W3C rules.</para>
      <para>This class implements the <see cref="T:System.Xml.XmlWriter" />
class.</para>
    ]]></remarks>
  </class>
  <class name="XmlTokenizedType" fullname="System.Xml.XmlTokenizedType" assembly="System.Xml">
    <summary><![CDATA[To be added]]></summary>
    <remarks><![CDATA[To be added]]></remarks>
  </class>
  <class name="XmlUrlResolver" fullname="System.Xml.XmlUrlResolver" assembly="System.Xml">
    <summary><![CDATA[
      <para> Resolves external XML resources
      named by a URI.</para>
    ]]></summary>
    <remarks><![CDATA[
      <para>This class is used to resolve external XML resources such as entities, document type definitions 
      (DTDs), or schemas. It is also used to process include and import elements found in
      Extensible StyleSheet Language (XSL) stylesheets or XML Schema Definition
      language (XSD) schemas.</para>
      <para>This class implements the <see cref="T:System.Xml.XmlResolver" /> class.</para>
    ]]></remarks>
  </class>
  <class name="XmlValidatingReader" fullname="System.Xml.XmlValidatingReader" assembly="System.Xml">
    <summary><![CDATA[To be added]]></summary>
    <remarks><![CDATA[To be added]]></remarks>
  </class>
  <class name="XmlWhitespace" fullname="System.Xml.XmlWhitespace" assembly="System.Xml">
    <summary><![CDATA[To be added]]></summary>
    <remarks><![CDATA[To be added]]></remarks>
  </class>
  <class name="XmlWriter" fullname="System.Xml.XmlWriter" assembly="System.Xml">
    <summary><![CDATA[
      <para> Represents a writer that provides a non-cached, forward-only means of generating streams or files containing XML data.</para>
    ]]></summary>
    <remarks><![CDATA[
      <para>The output of this class conforms to the W3C Extensible Markup Language (XML)
      1.0 and the Namespaces in XML recommendations.</para>
      <block subset="none" type="note">
        <para>This class is <see langword="abstract" /> and is implemented in the <see cref="T:System.Xml.XmlTextWriter" />
   class.</para>
      </block>
    ]]></remarks>
  </class>
  <class name="XmlWriterSettings" fullname="System.Xml.XmlWriterSettings" assembly="System.Xml">
    <summary><![CDATA[To be added.]]></summary>
    <remarks><![CDATA[To be added.]]></remarks>
  </class>
</elements>